Brand Logo Mapping
========================================

1880hg: brand-logo-1880hg.png
acurex-header: brand-logo-acurex-header.png
adcraft: brand-logo-adcraft.png
advance-tabco: brand-logo-advance-tabco.png
ammex: brand-logo-ammex.png
anets: brand-logo-anets.png
apw: brand-logo-apw.png
arctic-air: brand-logo-arctic-air.png
astra: brand-logo-astra.png
at: brand-logo-at.png
atosa: brand-logo-atosa.png
bakers-pride: brand-logo-bakers-pride.png
bally: brand-logo-bally.png
bank-of-cardiff-jpg: brand-logo-bank-of-cardiff-jpg.png
bissell: brand-logo-bissell.png
bizerba: brand-logo-bizerba.png
bunn: brand-logo-bunn.png
cac: brand-logo-cac.png
captiveaire: brand-logo-captiveaire.png
castle-comstock: brand-logo-castle-comstock.png
cci-industries: brand-logo-cci-industries.png
cdn: brand-logo-cdn.png
cellucap: brand-logo-cellucap.png
cfs: brand-logo-cfs.png
champion: brand-logo-champion.png
channel-mfg: brand-logo-channel-mfg.png
chase-doors: brand-logo-chase-doors.png
chef-master: brand-logo-chef-master.png
chef-specialties: brand-logo-chef-specialties.png
chef-works: brand-logo-chef-works.png
chefs-choice: brand-logo-chefs-choice.png
cma-dishmachines: brand-logo-cma-dishmachines.png
continental: brand-logo-continental.png
cooktek: brand-logo-cooktek.png
crestware: brand-logo-crestware.png
crown-steam: brand-logo-crown-steam.png
ddisystem: brand-logo-ddisystem.png
disco: brand-logo-disco.png
dormont: brand-logo-dormont.png
dot: brand-logo-dot.png
doyon: brand-logo-doyon.png
dukers: brand-logo-dukers.png
dynamic: brand-logo-dynamic.png
eastern: brand-logo-eastern.png
edlund: brand-logo-edlund.png
essendant: brand-logo-essendant.png
eurodib: brand-logo-eurodib.png
federal: brand-logo-federal.png
flash: brand-logo-flash.png
fogel: brand-logo-fogel.png
get-enterprises: brand-logo-get-enterprises.png
global-solutions: brand-logo-global-solutions.png
globe: brand-logo-globe.png
gmcw: brand-logo-gmcw.png
grosfillex: brand-logo-grosfillex.png
gsw: brand-logo-gsw.png
hamilton-beach: brand-logo-hamilton-beach.png
hatco: brand-logo-hatco.png
hawkins: brand-logo-hawkins.png
hoshizaki: brand-logo-hoshizaki.png
hospeco: brand-logo-hospeco.png
howard-mccray: brand-logo-howard-mccray.png
hubbell: brand-logo-hubbell.png
hydrakool: brand-logo-hydrakool.png
ice-o-matic: brand-logo-ice-o-matic.png
impact: brand-logo-impact.png
imperial: brand-logo-imperial.png
insinger: brand-logo-insinger.png
iti: brand-logo-iti.png
jackson: brand-logo-jackson.png
john-boos: brand-logo-john-boos.png
john-ritzenthaler: brand-logo-john-ritzenthaler.png
just-chairs: brand-logo-just-chairs.png
klingers: brand-logo-klingers.png
krowne: brand-logo-krowne.png
kwitex: brand-logo-kwitex.png
la-coppera: brand-logo-la-coppera.png
la-rosa: brand-logo-la-rosa.png
larkin: brand-logo-larkin.png
leaseq: brand-logo-leaseq.png
legacy-companies: brand-logo-legacy-companies.png
logo: brand-logo-logo.png
logo-180-c-2048x-ca656cbb-0485-4f1f-a5c1-3c52efcd5c88: brand-logo-logo-180-c-2048x-ca656cbb-0485-4f1f-a5c1-3c52efcd5c88.png
logo-left: brand-logo-logo-left.png
logoscommercialbackgroundremoved400: brand-logo-logoscommercialbackgroundremoved400.png
louis-tellier: brand-logo-louis-tellier.png
magikitchen: brand-logo-magikitchen.png
marsal: brand-logo-marsal.png
menu-solutions: brand-logo-menu-solutions.png
mercer: brand-logo-mercer.png
micromatic: brand-logo-micromatic.png
middleby: brand-logo-middleby.png
mkld: brand-logo-mkld.png
moffat: brand-logo-moffat.png
mts-seating: brand-logo-mts-seating.png
mundial: brand-logo-mundial.png
naks: brand-logo-naks.png
nemco: brand-logo-nemco.png
newton: brand-logo-newton.png
nextstep: brand-logo-nextstep.png
nor-lake: brand-logo-nor-lake.png
notarizer: brand-logo-notarizer.png
oak-street: brand-logo-oak-street.png
omcan: brand-logo-omcan.png
perfect-fry: brand-logo-perfect-fry.png
piper-products: brand-logo-piper-products.png
pitco: brand-logo-pitco.png
pizza-group: brand-logo-pizza-group.png
precision-pour: brand-logo-precision-pour.png
preethi: brand-logo-preethi.png
prestige: brand-logo-prestige.png
quantum-foodservice: brand-logo-quantum-foodservice.png
radius: brand-logo-radius.png
rational: brand-logo-rational.png
rf-hunter: brand-logo-rf-hunter.png
rj-schinner: brand-logo-rj-schinner.png
robot-coupe: brand-logo-robot-coupe.png
rotoquip: brand-logo-rotoquip.png
royal-industries: brand-logo-royal-industries.png
sammic: brand-logo-sammic.png
san-jamar: brand-logo-san-jamar.png
savings4members: brand-logo-savings4members.png
seco-select: brand-logo-seco-select.png
senneca: brand-logo-senneca.png
shaan: brand-logo-shaan.png
sharp: brand-logo-sharp.png
smalllogo: brand-logo-smalllogo.png
somerset: brand-logo-somerset.png
southbend: brand-logo-southbend.png
spaceman: brand-logo-spaceman.png
spill-stop: brand-logo-spill-stop.png
star: brand-logo-star.png
steril-sil: brand-logo-steril-sil.png
sterno: brand-logo-sterno.png
tablecraft: brand-logo-tablecraft.png
taylor: brand-logo-taylor.png
texican: brand-logo-texican.png
thunder-group: brand-logo-thunder-group.png
toastmaster: brand-logo-toastmaster.png
town: brand-logo-town.png
true: brand-logo-true.png
ts-brass: brand-logo-ts-brass.png
turbo-air: brand-logo-turbo-air.png
unified: brand-logo-unified.png
unipro: brand-logo-unipro.png
univex: brand-logo-univex.png
uniworld: brand-logo-uniworld.png
us-cooler: brand-logo-us-cooler.png
vertex: brand-logo-vertex.png
victorinox: brand-logo-victorinox.png
vollrath: brand-logo-vollrath.png
waring: brand-logo-waring.png
website-title-banner-large-4084967c-4e84-4b0c-9cfa-b6b4f36b3272: brand-logo-website-title-banner-large-4084967c-4e84-4b0c-9cfa-b6b4f36b3272.png
wells: brand-logo-wells.png
winco: brand-logo-winco.png
world-dryer: brand-logo-world-dryer.png
yanco: brand-logo-yanco.png
